Ad group,Keyword
Brand_Institucional,brand institucional
Brand_Institucional,cuenta nomina
Brand_Institucional,compra de cartera
Brand_Institucional,oportunidades de negocio
Brand_Institucional,credito rotativo
Brand_Institucional,app tarjetas
Brand_Institucional,dias itau
Brand_Institucional,cdt
Brand_Institucional,credito pymes
Brand_Institucional,tarjeta debito
Brand_Institucional,tarjeta credito
Brand_Institucional,cuenta nomina
Brand_Institucional,compra de cartera
Brand_Institucional,oportunidades de negocio
Brand_Institucional,credito rotativo
Brand_Institucional,app tarjetas
Brand_Institucional,dias itau
Brand_Institucional,cdt
Brand_Institucional,credito pymes
Brand_Institucional,tarjeta debito
Brand_Institucional,tarjeta credito
Brand_Competencia,brand competencia
Brand_Competencia,credito libre inversion
Brand_Competencia,cuenta de ahorros
Brand_Competencia,cuenta de nomina
Brand_Competencia,compra de cartera
Brand_Competencia,alianzas
Brand_Competencia,descuentos
Brand_Competencia,promociones
Brand_Competencia,cashback
Brand_Competencia,credito libre inversion
Brand_Competencia,cuenta de ahorros
Brand_Competencia,cuenta de nomina
Brand_Competencia,compra de cartera
Brand_Competencia,alianzas
Brand_Competencia,descuentos
Brand_Competencia,promociones
Brand_Competencia,cashback
Category_Credito,credito itau
Category_Credito,comprar casa
Category_Credito,remodelacion
Category_Credito,inversion
Category_Credito,prestamos de dinero
Category_Credito,credito para vehiculo
Category_Credito,creditos hipotecarios
Category_Credito,credito libre inversion
Category_Credito,credito educativo
Category_Credito,prestamos
Category_Credito,estudios profesionales
Category_Credito,comprar casa
Category_Credito,remodelacion
Category_Credito,inversion
Category_Credito,prestamos de dinero
Category_Credito,credito para vehiculo
Category_Credito,creditos hipotecarios
Category_Credito,credito libre inversion
Category_Credito,credito educativo
Category_Credito,prestamos
Category_Credito,estudios profesionales
Category_Empresas,empresas
Category_Empresas,rentabilidad de mi negocio
Category_Empresas,crecimiento empresa
Category_Empresas,consultoria empresarial
Category_Empresas,asesoria pymes
Category_Empresas,credito para negocio
Category_Empresas,ideas de negocio
Category_Empresas,empresa familiar
Category_Empresas,oportunidad de negocio
Category_Empresas,rentabilidad de mi negocio
Category_Empresas,crecimiento empresa
Category_Empresas,consultoria empresarial
Category_Empresas,asesoria pymes
Category_Empresas,credito para negocio
Category_Empresas,ideas de negocio
Category_Empresas,empresa familiar
Category_Empresas,oportunidad de negocio
Categoty_Giros Internacionales,giros internacionales
Categoty_Giros Internacionales,transferencia internacional
Categoty_Giros Internacionales,recibir dinero del exterior
Categoty_Giros Internacionales,giros internacionales
Categoty_Giros Internacionales,enviar dinero al exterior
Categoty_Giros Internacionales,envios de dinero
Categoty_Giros Internacionales,trabajar en el extranjero
Categoty_Giros Internacionales,remesas
Categoty_Giros Internacionales,transferencia internacional
Categoty_Giros Internacionales,recibir dinero del exterior
Categoty_Giros Internacionales,giros internacionales
Categoty_Giros Internacionales,enviar dinero al exterior
Categoty_Giros Internacionales,envios de dinero
Categoty_Giros Internacionales,trabajar en el extranjero
Categoty_Giros Internacionales,remesas
Affinity_Días Itaú,dias itau
Affinity_Días Itaú,compras online
Affinity_Días Itaú,mercado libre
Affinity_Días Itaú,latam airlines
Affinity_Días Itaú,rappi
Affinity_Días Itaú,farmatodo
Affinity_Días Itaú,despegar promociones
Affinity_Días Itaú,cupones rappi
Affinity_Días Itaú,licores a domicilio
Affinity_Días Itaú,tiendas online
Affinity_Días Itaú,tarjeta de credito
Affinity_Días Itaú,descuentos y alianzas
Affinity_Días Itaú,compras online
Affinity_Días Itaú,mercado libre
Affinity_Días Itaú,latam airlines
Affinity_Días Itaú,rappi
Affinity_Días Itaú,farmatodo
Affinity_Días Itaú,despegar promociones
Affinity_Días Itaú,cupones rappi
Affinity_Días Itaú,licores a domicilio
Affinity_Días Itaú,tiendas online
Affinity_Días Itaú,tarjeta de credito
Affinity_Días Itaú,descuentos y alianzas
Affinity_Mi Itaú Efectivo,itau efectivo
Affinity_Mi Itaú Efectivo,cashback
Affinity_Mi Itaú Efectivo,tiendas online
Affinity_Mi Itaú Efectivo,servicios publicos
Affinity_Mi Itaú Efectivo,comercios online
Affinity_Mi Itaú Efectivo,pagos por pse
Affinity_Mi Itaú Efectivo,pago de servicios publicos
Affinity_Mi Itaú Efectivo,compras por internet
Affinity_Mi Itaú Efectivo,ahorro
Affinity_Mi Itaú Efectivo,cashback
Affinity_Mi Itaú Efectivo,tiendas online
Affinity_Mi Itaú Efectivo,servicios publicos
Affinity_Mi Itaú Efectivo,comercios online
Affinity_Mi Itaú Efectivo,pagos por pse
Affinity_Mi Itaú Efectivo,pago de servicios publicos
Affinity_Mi Itaú Efectivo,compras por internet
Affinity_Mi Itaú Efectivo,ahorro
Affinity_Cine Colombia,2x1 cine colombia
Affinity_Cine Colombia,cartelera cine
Affinity_Cine Colombia,peliculas de estreno
Affinity_Cine Colombia,peliculas en cartelera
Affinity_Cine Colombia,planes 2x1
Affinity_Cine Colombia,cartelera cine
Affinity_Cine Colombia,peliculas de estreno
Affinity_Cine Colombia,peliculas en cartelera
Affinity_Cine Colombia,planes 2x1
Affinity_Mi Itaú Viajes,itau viajes
Affinity_Mi Itaú Viajes,tiquetes baratos
Affinity_Mi Itaú Viajes,agencia de viajes
Affinity_Mi Itaú Viajes,vuelos economicos
Affinity_Mi Itaú Viajes,redimir millas
Affinity_Mi Itaú Viajes,vacaciones
Affinity_Mi Itaú Viajes,paquetes turisticos
Affinity_Mi Itaú Viajes,tour por europa
Affinity_Mi Itaú Viajes,vuelos economicos
Affinity_Mi Itaú Viajes,vacaciones familiares
Affinity_Mi Itaú Viajes,tiquetes baratos
Affinity_Mi Itaú Viajes,agencia de viajes
Affinity_Mi Itaú Viajes,vuelos economicos
Affinity_Mi Itaú Viajes,redimir millas
Affinity_Mi Itaú Viajes,vacaciones
Affinity_Mi Itaú Viajes,paquetes turisticos
Affinity_Mi Itaú Viajes,tour por europa
Affinity_Mi Itaú Viajes,vuelos economicos
Affinity_Mi Itaú Viajes,vacaciones familiares
Affinity_Canales Digitales,canales digitales
Affinity_Canales Digitales,transacciones en linea
Affinity_Canales Digitales,como abrir una cuenta de ahorro
Affinity_Canales Digitales,mis finanzas en casa
Affinity_Canales Digitales,como administrar el dinero
Affinity_Canales Digitales,como abrir una cuenta de ahorro
Affinity_Canales Digitales,control de gastos
Affinity_Canales Digitales,transacciones en linea
Affinity_Canales Digitales,como abrir una cuenta de ahorro
Affinity_Canales Digitales,mis finanzas en casa
Affinity_Canales Digitales,como administrar el dinero
Affinity_Canales Digitales,como abrir una cuenta de ahorro
Affinity_Canales Digitales,control de gastos
Affinity_App Tarjetas,app tarjetas
Affinity_App Tarjetas,banca movil
Affinity_App Tarjetas,banca virtual
Affinity_App Tarjetas,ccontrol de gastos
Affinity_App Tarjetas,tarjetas de credito
Affinity_App Tarjetas,activar tarjeta de credito
Affinity_App Tarjetas,dinero en el exterior
Affinity_App Tarjetas,seguridad de productos
Affinity_App Tarjetas,mis finanzas
Affinity_App Tarjetas,cupo de tarjeta de credito
Affinity_App Tarjetas,banca movil
Affinity_App Tarjetas,banca virtual
Affinity_App Tarjetas,ccontrol de gastos
Affinity_App Tarjetas,tarjetas de credito
Affinity_App Tarjetas,activar tarjeta de credito
Affinity_App Tarjetas,dinero en el exterior
Affinity_App Tarjetas,seguridad de productos
Affinity_App Tarjetas,mis finanzas
Affinity_App Tarjetas,cupo de tarjeta de credito
Affinity_App Tarjetas,movimientos
Affinity_App Tarjetas,extractos bancarios
Affinity_App Tarjetas,cupo tarjeta de credito
Affinity_Usa y no pagues,usa y no pagues
Affinity_Usa y no pagues,cuenta de ahorro sin cuota de manejo
Affinity_Usa y no pagues,descarmar 4x1000
Affinity_Usa y no pagues,tarjeta debito
Affinity_Usa y no pagues,tarjeta credito
Affinity_Usa y no pagues,transferencias sin costo
Affinity_Usa y no pagues,transferencias ilimitadas
Affinity_Usa y no pagues,transferencias entre bancos
Affinity_Usa y no pagues,usa y no pagues
Affinity_Usa y no pagues,retiros ilimitados
Affinity_Usa y no pagues,cuenta de ahorros
Affinity_Usa y no pagues,cajeros itau
Affinity_Usa y no pagues,cuenta de ahorro sin cuota de manejo
Affinity_Usa y no pagues,descarmar 4x1000
Affinity_Usa y no pagues,tarjeta debito
Affinity_Usa y no pagues,tarjeta credito
Affinity_Usa y no pagues,transferencias sin costo
Affinity_Usa y no pagues,transferencias ilimitadas
Affinity_Usa y no pagues,transferencias entre bancos
Affinity_Usa y no pagues,usa y no pagues
Affinity_Usa y no pagues,retiros ilimitados
Affinity_Usa y no pagues,cuenta de ahorros
Affinity_Usa y no pagues,cajeros itau